-42,62
-40,53
-38,51
-26,52
-26,3,53
-28,30,69
-3,21,70
-9,17,64
-25,16,60
-28,15,61
-34,15,59
-35,15,56
-31,13,51
-32,13,53
-30,13,55
-27,12,57
-27,11,58
-24,11,57
-23,10,57
-23,11,56
-24,11,57
-26,11,57
-27,12,56
-27,12,56
-27,13,57
-28,13,57
-28,14,57
-28,13,56
-27,12,56
-27,12,57
-27,11,57
-27,11,57
-28,11,57
-27,11,56
-28,10,55
-28,9,56
-28,9,56
-28,10,56
-28,12,57
-28,13,57
-28,13,56
-28,13,56
-27,13,57
-27,12,56
-27,12,56
-27,12,56
-27,13,56
-27,13,56
-27,13,56
-27,13,56
-26,13,56
-26,13,56
-26,14,56
-26,14,57
-26,14,56
-26,14,56
-26,14,57
-26,13,57
-26,13,57
-26,13,56
-27,13,56
-26,13,57
-25,13,57
-25,13,57
-26,13,57
-26,13,57
-26,14,56
-25,14,57
-25,14,57
-25,14,57
-26,14,57
-25,14,57
-25,14,57
-25,14,57
-25,13,57
-26,13,57
-25,14,57
-25,14,57
-25,14,57
-25,14,57
-25,14,57
-25,14,57
-25,14,57
-25,13,57
-25,13,57
-25,13,57
-25,13,57
-25,14,57
-25,13,57
-25,13,57
-26,13,57
-25,13,57
-25,13,57
-26,13,57
-25,12,57
-25,13,57
-26,13,57
-26,13,57
-26,13,57
-26,13,57
-25,13,57
-25,12,57
-25,12,57
-25,12,57
-25,12,56
-25,13,57
-25,14,57
-25,14,57
-25,14,57
-25,14,57
-25,15,57
-25,15,57
-25,14,57
-25,14,57
-25,14,57
-25,14,57
-25,14,57
-25,14,57
-25,14,57
-25,14,57
-25,14,57
-25,13,57
-25,13,57
-25,13,57
-25,14,57
-25,13,57
-25,13,57
-25,13,57
-25,13,57
-25,13,57
-25,13,57
-25,13,57
-25,13,57
-25,13,57
-25,13,57
-26,13,57
-26,13,57
-26,13,57
-26,12,57
-26,12,57
-26,12,57
-25,12,57
-25,12,57
-25,12,57
-26,12,57
-26,12,57
-26,12,57
-26,12,57
-26,12,57
-26,12,57
-26,12,57
-26,11,57
-26,12,57
-26,11,57
-26,11,57
-26,11,57
-26,11,57
-27,12,57
-26,12,57
-25,12,57
-25,12,57
-26,12,57
-26,12,57
-26,12,57
-26,12,57
-25,12,57
-25,12,57
-25,13,57
-26,12,57
-26,12,57
-25,12,57
-25,12,57
-25,13,57
-25,13,57
-25,13,57
-25,13,57
-25,13,57
-25,13,57
-25,13,57
-25,13,57
-26,13,57
-25,13,57
-25,13,57
-25,13,57
-25,13,57
-25,13,57
-25,13,57
-25,13,57
-25,14,57
-25,14,57
-25,14,57
-25,13,57
-25,13,56
-25,12,56
-25,11,57
-25,13,57
-24,16,58
-24,17,58
-25,17,57
-25,16,57
-24,14,58
-24,13,58
-23,12,57
-22,13,57
-23,13,57
-24,14,57
-24,14,57
-24,14,57
-24,15,57
-25,15,57
-24,15,57
-24,14,57
-24,14,57
-24,14,57
-24,14,58
-24,13,57
-24,13,57
-24,12,57
-25,12,57
-25,11,57
-25,12,57
-25,12,57
-25,12,57
-25,12,57
-25,13,57
-25,13,57
-25,13,57
-25,13,57
-26,13,57
-26,13,57
-25,12,57
-25,12,57
-25,12,56
-25,12,59
-21,11,61
-19,10,64
-26,8,62
-42,9,55
-55,3,46
-84,3,37
-74,41
-72,42
-76,37
-75,31
-80,25
-84,22
-86,16
-85,12
-85,9
-80,6
-74,9
-72,3
-67,5
-55,12
-62,5
-57,1
-68,12
-82,4
-94,3
-97,2
-91
-91
-90,3
-92
-95
-89
-89
-87
-93
-93
-86
-89
-97
-96
-95
-95
-91
-87
-87
-93
-93
-92
-95
-90
-89
-91
-94
-94
-93
-93
-93
-86
-83,2
-85
-89
-90
-88
-86
-83,1
-94
-95
-94
-98
-90
-110
-101
-99
-87
-80
-81,3
-82,2
-80,3
-83,3
-83,2
-96
-93
-88
-89
-91
-94
-83,1
-97
-100
-92
-91
-82
-82,1
-89
-96
-92
-70,1
-77,1
-81,1
-81
-85
-69,11
-64,27
-77,32
-64,48
-49,64
-59,65
-49,66
-63,56
-61,57
-41,66
-48,65
-39,59
-31,66
-23,52
-26,55
-21,62
-24,63
-29,59
-28,65
-33,59
-37,72
-29,72
-18,69
-21,57
-28,53
-30,57
-31,56
-31,56
-32,53
-32,51
-34,56
-34,62
-34,64
-36,62
-35,55
-36,55
-34,56
-36,57
-36,57
-35,56
-36,56
-36,56
-36,56
-36,56
-36,56
-36,56
-36,56
-36,56
-36,56
-36,55
-36,56
-36,56
-36,56
-36,56
-36,55
-36,55
-36,55
-37,55
-40,55
-42,55
-38,58
-40,6
-43,0,70
-56,71
-39,64
-36,58
-44,61
-43,61
-47,6
0,-40,51
1,-39,46
-31,46
8,-20,55
10,-10,56
17,3,54
21,9,54
21,23,57
27,28,59
32,25,61
30,23,64
20,15,57
8,13,53
3,13,54
-1,9,55
-5,9,52
-15,7,51
-13,5,49
-24,6,43
-72,9,14
-98,7,-1
-123,14,-24
-121,20,-18
-110,31,-13
-97,37,-9
-64,22,23
-45
-40
-30,23
-13,21
50,2,38
77,-6,37
93,-10,31
86,-9,59
76,5,73
37,32,102
14,6,66
24,-1,45
31,-6,54
23,-11,68
28,-13,51
29,-11,47
29,-12,52
30,-13,52
33,-13,48
34,-14,49
29,-15,55
26,-20,49
30,-18,52
23,-20,55
22,-21,56
20,-23,53
17,-23,55
17,-26,55
25,-20,51
30,-14,53
35,-13,47
27,-15,51
20,-16,62
24,-14,57
42,-9,49
46,-2,52
42,0,52
31,-8,58
23,-11,57
15,-15,54
10,-18,47
-23,41
-36,4
-44,43
-56,46
-63,43
-66,52
-67,56
-57,61
-47,59
-54,67
-33,61
-22,65
-41,62
-34,68
-38,66
-32,61
-23,62
-22,63
-24,58
-35,52
-39,55
-39,6
-36,6
-34,58
-36,55
-36,56
-35,56
-35,56
-36,55
-36,55
-36,56
-34,56
-34,56
-35,56
-35,56
-36,55
-36,55
-35,55
-35,55
-37,55
-35,55
-35,55
-36,55
-37,55
-36,55
-36,55
-35,55
-34,56
-35,56
-36,55
-35,56
-34,56
-34,56
-36,55
-37,55
-37,55
-36,55
-36,55
-37,55
-37,55
-37,55
-36,55
-37,55
-36,55
-36,55
-36,55
-37,54
-37,55
-36,55
-36,55
-37,55
-36,55
-37,53
-38,53
-39,53
-39,53
-39,54
-38,54
-39,54
-36,1,55
-37,2,57
-35,1,58
-34,1,56
-32,0,54
-32,51
-33,51
-34,1,51
-34,2,51
-34,4,52
-34,4,51
-35,3,51
-36,0,52
-38,53
-43,58
-42,1,59
-33,3,60
-29,6,64
-22,5,58
-14,6
-12,61
2,2,72
-1,2,71
1,-4,61
3,-6,56
-3,0,55
-9,9,47
-10,14,50
-7,25,50
-6,35,52
-12,47,57
-13,48,62
-14,44,58
-13,38,58
-8,34,57
2,31,58
8,36,52
-2,40,48
-7,36,51
-14,3
53,29,117
-60,57,45
-43,33,36
-56,33,29
-51,35,14
-58,37,18
-56,40,21
-42,41,17
-38,41,13
-40,41,28
-39,39,31
-34,37,41
-36,37,46
-31,35,51
-21,39,56
-19,37,54
-21,38,49
-20,36,42
-18,34,52
-16,33,51
-15,28,44
-17,28,43
-27,28,37
-14,34,43
-11,36,49
5,41,44
12,43,46
25,49,44
25,48,41
36,53,44
40,51,33
36,50,29
28,47,25
30,46,22
30,45,30
32,44,26
27,47,25
34,48,20
36,47,15
40,48,18
38,51,17
35,53,22
40,52,17
35,53,21
39,54,22
39,53,18
38,48,30
39,48,33
23,38,41
5,42,49
-12,65,69
-6,78,29
-13,77,22
-18,68,26
-20,62,27
-17,52,26
-13,47,32
-15,54,41
-10,42,54
-12,44,57
-13,43,63
1,28,61
-6,25,66
-21,22,66
-35,6,62
-51,15,56
-42,4
-87,14
-88,12
-62,18
-55,25
-44,38
-46,39
-60,36
-64,44
-53,44
-50,39
-43,44
-47,41
-46,47
-64,45
-53,43
-48,4
-74,37
-88,4
-96,52
-106,56
-93,66
-77,66
-73,65
-63,63
-55,62
8,-52,52
6,-53,47
8,-58,42
6,-59,40
8,-62,37
16,-65,31
19,-65,29
21,-68,25
23,-67,20
27,-59,15
29,-52,14
27,-46,19
22,-34,17
34,-31,15
35,-36,1
40,-33,8
35,-29,2
42,-40,-11
43,-42,-13
34,-36,-5
40,-44,-12
27,-39,-2
33,-41,-5
10,-41,-15
0,-39,-8
-42,4
-59
-57
-56,1
7,-59,8
13,-61,10
10,-59,11
9,-60,27
-61,47
9,-51,41
-84,2
-120
-122
-138
-124
-89,2
-78,4
-92
-92
-62
-47
-25,3
34,-28,18
39,-26,19
49,-20,27
54,-13,36
70,-9,17
66,-8,10
72,-3,1
62,-4,-9
69,-5,1
45,0,-23
64,4,-12
98,1,-1
83,0,-13
64,6,-24
87,8,-6
57,1,-52
80,18,-21
67,23,-5
76,27,29
76,21,14
75,16,-17
74,14,-29
67,15,-23
43,10,-12
41,14,23
60,6,-8
59,11,-14
62,20,-3
59,20,-6
55,22,-7
51,20,-9
53,23,-8
54,33,-6
43,36,-8
44,31,-11
48,36,-9
44,41,-13
47,48,-11
46,50,-11
50,53,-8
44,55,-11
44,53,-10
38,56,-9
47,55,-5
34,54,-7
42,52,-3
36,51,-4
47,52,2
33,48,2
39,45,4
35,48,-3
47,50,4
35,44,1
46,44,1
48,42,-1
41,47,2
37,45,-2
56,41,-6
37,46,-12
40,41,-6
60,30,-20
55,31,-32
51,35,-22
50,30,-24
51,35,-17
47,19,-10
58,14,-6
62,21,-13
62,11,-14
51,24,-25
71,21,-7
61,16,-8
62,17,-11
69,15,-7
41,11,-8
45,11,9
55,5,20
44,-1,18
31,-13,34
27,-20,39
24,-33,19
21,-31,25
15,-37,25
6,-37,37
-40,43
-55,43
-64,4
-80,31
0,-63,14
-61,7
-64,4
-63,8
-75,16
-91,21
-86,36
-73,68
-79,73
-54,92
-47,95
-43,87
-36,83
-36,81
-41,7
-46,65
-27,64
-21,59
-15,51
-4,51
9,20,57
20,33,68
25,31,66
17,22,53
13,15,51
16,8,45
14,7,51
9,12,61
10,9,52
-7,8,40
-20,10,63
-40,16,51
-45,43,54
-43,55,58
-43,64,48
-19,35,58
-16,17,48
4,-21,50
13,-32,47
4,-46,39
1,-54,39
-80,55
-71,72
-70,75
-56,89
-50,94
-37,7
-37,54
-41,6
-32,73
-57,57
-85,61
-76,57
-73,65
-81,49
-53,1,35
-40,1,36
-57,7,16
-32,20,13
-18,26,14
6,44,30
14,46,37
46,64,65
43,59,63
-52,71,103
8,8,-6
20,-2,4
35,21,88
52,16,84
-73,53
-57,51
-65,56
-67,6
-59,61
-43,2,52
-38,5,47
-33,4,44
-33,2,44
-38,47
-44,51
-46,52
-50,51
-50,5
-46,0,49
-45,0,48
-43,47
-44,46
-44,46
-44,46
-44,46
-46,45
-47,46
-50,47
-50,49
-48,45
-54,1,47
-60,10,55
-52,28,74
-40,24,72
-23,40,84
-35,43,70
-29,18,35
-68,3,2
-85
-60
-26
-115
-126
-138
-127
-125
-119
-119
3,-43,-81
1,-42,-71
-95
-89
-81
-70
-79
-89
-94
-99
-86,0,-19
-90,4,-11
-96,3,20
-92,14
-91
-100
-116
-81,8,23
-89,11,14
-97,15,-4
-89,14,-7
-63,13,-5
-50,8,0
-87
-78
-94
-193
-201
-160
-140
-99
-75,1,26
-71,8,40
-54,28,73
-34,39,82
-20,34,86
-15,28,92
-38,21,76
-50,14,65
-62,0,51
-104,18
-119,15
-124,13
-122,1
-117
-111
-82
-55,5
-35,22
-19,39
-39,17
-61,28
-68,41
-110,29
-110,71
-91,89
-63,5,96
-56,10,78
-38,20,77
-35,22,73
-42,17,51
-40,12,40
-41,9,37
-36,0,22
-39,1
-67
-83
-139
-107
-107,9
-131,1
-133,22
-119,54
-125,6
-104,51
-93,6,60
-34,37
-14,17
-21,15
-33,17
-21,27
-46,46
-93,33
-93,43
-86,43
-82,31
-81,13
-100
-111,23,-23
-128,33,-14
-117,10,-13
-72
-48,5
-33,9
3,-35,10
-46,9
-54,7
-75,8
-113,13
-98,2,24
-65,37,53
-52,41,67
-36,35,58
-47,36,49
-35,29,45
-30,25,36
-38,24,37
-41,19,53
-41,20,65
-18,13,76
-26,8,70
-20,10,64
-20,9,58
-23,8,57
-35,12,56
-37,13,57
-29,10,52
-32,7,51
-36,5,51
-37,5
-46,49
-43,49
-45,49
-42,5
-42,47
-52,39
-62,32
-62,29
-61,32
-60,34
-56,37
-58,37
-55,39
-55,4
-53,42
-50,45
-50,47
-51,45
-53,43
-49,43
-49,44
-50,47
-47,47
-45,48
-46,49
-44,47
-48,46
-53,5
-54,5
-48,47
-46,45
-48,44
-51,42
-53,41
-52,37
-56,37
-40,55
-34,0,58
-35,2,64
-36,1,60
-37,48
-39,49
-38,52
-34,51
-38,59
-36,1,58
-32,2,51
-38,1,49
-41,52
-41,64
-47,57
-56,44
-52,3
-60,19
-65,2
-71,24
-84,16
-89,7
-92,24
-102,43
-95,44
-75,39
-67,34
-53,2
-50,13
-51,7
-52
-55
-66,3
-83,8
-97,21
-101,22
-139,9
-119,23
-102,27
-71,31
-63,3
-56,23
-56,2
-56,16
-51,9
-54,6
-59,3
-71,2
-110,6
-107,12
-97,21
-114,3
-112,13
-96,19
-88,19
-74,22
-71,26
-59,26
-54,18
-52,12
-60,8
-60,5
-86
-103,2
-114,8
-99
-94
-107,12
-98,11
-82,12
-81,8
-80,23
-68,3
-57,3
-43,24
-41,17
-61,15
-73,2
-90,41
-84,31
-113,57
-125,41
-89,43
-51,22
-40,12
-36,1
-37,13
-48,3
-65,56
-74,55
-75,5,30
-114,5,63
-102,61
-80,6
-71,34
-53,27
-44,25
-46,24
-48,22
-49,17
-47,22
-49,21
-76,23
-91,34
-80,23
-89,1,22
-123,5
-108,42
-80,38
-81,31
-71,24
-59,12
-55,1
-57,16
-56,17
-52,15
-55,19
-62,21
-69,24
-71,23
-102,37
-104,4
-124,26
-113,26
-85,23
-76,17
-70,15
-61,15
-58,16
-54,15
-59,2
-60,24
-61,18
-70,19
-89,19
-95,27
-114,35
-111,29
-100,25
-82,23
-73,2
-69,13
-66,15
-60,15
-58,16
-54,17
-53,16
-59,1
-70,1
-79,23
-91,45
-71,42
-67,32,84
-47,23,79
-42,23,65
-50,5,60
-50,56
-57,46
-57,33
-53,18
-44,19
-42,24
-45,28
-51,31
-43,5
-46,58
-45,9,78
-38,18,87
-34,17,85
-30,4,69
-38,1,69
-47,69
-57,66
-77,46
-78,43
-75,44
-66,38
-61,34
-45,27
-39,26
-24,2
-19,16
-11,22
-38,35,54
-67,43,57
-74,80,93
-60,79,90
-43,36,74
-41,33,70
-28,16,58
-28,1,51
-29,51
-38,43
-42,39
-39,36
-39,34
-42,31
-45,45
-57,52
-68,65
-66,73
-61,75
-61,74
-50,7
-52,61
-53,6
-50,55
-48,5
-44,43
-44,41
-43,4
-33,33
-28,27
-14,21
-11,21
-44,36,56
-43,41,65
-56,56,54
-43,73,84
-43,60,78
-52,32,72
-42,32,84
-22,27,79
-12,19,62
-13,9,58
-12,4,43
-15,38
-19,3
-28,28
-34,35
-37,34
-46,7
-49,94
-43,89
-38,67
-39,63
-30,59
-25,52
-23,42
-24,42
-22,39
-24,39
-25,49
-25,1,64
-30,7,72
-38,6,82
-38,2,81
-35,64
-31,59
-29,61
-33,56
-34,55
-28,53
-24,46
-17,34
-30,16,56
-38,22,72
-29,26,82
-27,14,78
-26,62
-25,54
-25,51
-38,56
-38,61
-37,0,57
-33,0,51
-23,1,40
-19,1,37
-16,0,37
-22,5,49
-31,9,59
-38,22,95
-24,17,101
-7,14,69
-17,12,55
-25,8,48
-36,8,57
-39,9,58
-36,10,51
-38,10,47
-40,9,49
-39,8,50
-38,7,50
-36,8,52
-35,10,53
-32,13,53
-32,13,54
-33,13,53
-33,13,53
-34,12,54
-36,11,55
-36,10,54
-35,8,48
-34,8,47
-34,9,50
-33,8,51
-31,9,55
-32,11,55
-29,13,54
-31,13,54
-32,16,54
-29,19,58
-29,19,59
-28,19,58
-28,18,58
-28,16,58
-28,14,56
-28,13,56
-27,12,54
-26,12,54
-28,12,54
-30,11,55
-31,11,55
-31,11,54
-31,11,53
-32,11,55
-31,12,56
-29,13,54
-29,13,54
-29,14,54
-29,14,55
-30,14,56
-29,13,55
-29,13,55
-30,14,54
-30,14,56
-29,14,56
-29,14,55
-29,13,55
-29,13,55
-30,13,55
-29,14,56
-28,14,56
-28,14,55
-29,14,55
-29,13,56
-30,12,55
-31,12,55
-30,12,54
-29,13,54
-28,13,55
-27,12,56
-29,13,57
-31,13,55
-32,13,54
-34,12,53
-33,11,53
-32,10,54
-31,11,53
-29,12,55
-28,11,55
-29,12,55
-31,14,56
-31,14,55
-33,14,53
-33,13,54
-32,11,54
-30,11,55
-29,11,55
-30,10,55
-31,10,55
-32,10,54
-32,10,54
-31,9,54
-33,12,54
-32,12,55
-31,10,54
-31,9,54
-32,12,55
-32,12,55
-32,11,53
-32,11,55
-31,11,55
-32,11,54
-32,11,54
-31,10,54
-31,10,54
-31,10,55
-30,10,55
-29,14,53
-23,17,65
-3,21,78
-20,21,61
-23,13,49
-51,15,12
-70,1,-14
-69
-53,1,-28
-92
-56,0,-39
-47,1,-40
-41,2,-45
-104
-143
-45,2,-53
-34,2,-51
-27,2,-48
-35,0,-49
-99
-98
-95
-94
-88
-91
-92
-97
-97
-93
-41,2,-50
-41,3,-49
-42,3,-49
-44,2,-50
-95
-95
-93
-88
-100
-98
-38,4,-34
-52,2,-34
-45,0,-38
-108
-51,0,-39
-54,1,-38
-89
-96
-34,0,-45
-101
-109
-40,0,-58
-37,0,-55
-33,1,-51
-35,0,-50
-94
-95
-99
-93
-96
-95
-93
-93
-94
-92
-94
-95
-95
-99
-97
-100
-123
-99
-101
-60,1,-27
-57,3,-17
-45,4,9
-38,2,26
-34,10,55
-32,8,51
-16,10,71
-18,10,61
-21,10,56
-19,11,60
-22,20,60
-16,14,70
-11,8,69
-20,8,54
-31,10,49
-33,11,51
-28,12,58
-26,12,59
-26,11,59
-25,11,58
-25,12,58
-25,11,58
-26,11,56
-26,12,57
-25,12,58
-25,12,57
-25,12,57
-24,13,58
-25,15,57
-23,15,56
-25,10,51
-29,13,52
-32,10,51
-26,9,60
-14,10,68
-15,10,63
-28,15,53
-24,17,58
-24,16,48
-33,20,50
-40,34,35
14,15,103
8,17,83
-18,18,49
-17,16,43
-24,13,49
-24,13,58
-20,13,60
-17,15,62
-15,18,64
-16,16,61
-21,14,48
-40,22,39
0,17,82
-8,15,70
-17,16,54
-15,17,54
-18,17,58
-21,14,58
-18,12,61
-11,11,66
-12,12,61
-15,13,53
-16,16,57
-18,17,64
-15,13,43
-26,28,42
10,17,97
-2,11,86
-15,16,53
-15,16,50
-18,16,53
-18,15,62
-16,14,63
-14,14,60
-14,14,59
-14,15,58
-15,15,57
-15,15,60
-16,15,60
-16,16,59
-16,14,53
-19,15,54
-16,12,62
-5,11,71
-5,14,65
-9,15,61
-6,15,63
-10,14,60
-10,13,59
-8,12,60
-9,12,60
-12,12,59
-9,13,61
-3,15,74
-13,12,54
-11,12,46
-35,23,39
4,14,89
-10,14,64
-13,15,52
-9,18,53
-18,16,62
-19,15,62
-16,14,59
-14,13,60
-11,14,58
-10,14,55
-20,14,48
-12,10,75
2,10,82
-6,13,61
-8,15,57
-4,15,67
-9,14,60
-19,13,44
-7,13,80
-4,7,93
-13,12,56
-15,14,46
-14,17,52
-17,15,60
-14,15,64
-17,14,59
-18,13,59
-13,12,64
-11,12,62
-10,10,61
-10,10,62
-12,13,66
-11,14,77
-11,6,51
-48,27,21
-31,27,63
1,11,76
-15,14,54
-16,15,51
-14,16,54
-16,14,60
-16,11,51
-20,11,59
-11,11,68
-13,14,59
-15,15,61
-9,17,72
-16,15,61
-33,10,36
-25,14,31
-7,11,111
5,9,87
-13,17,48
-8,18,45
-21,17,57
-21,14,63
-18,14,62
-15,14,57
-18,13,54
-19,12,57
-6,14,70
-7,14,67
-12,17,65
-9,19,74
-15,12,54
-18,9,40
-44,21,55
13,9,102
-18,15,52
-14,15,46
-17,16,51
-17,16,60
-17,15,62
-16,13,63
-12,12,65
-10,13,63
-10,14,60
-8,15,61
-11,16,65
-15,13,52
-25,14,41
-28,31,34
13,11,105
-15,14,53
-12,15,47
-15,17,51
-18,17,59
-18,15,59
-21,15,63
-10,11,69
-10,13,66
-13,13,48
-6,17,73
-5,17,82
-23,11,39
-33,28,22
2,9,90
-13,11,60
-13,13,51
-16,15,60
-19,14,62
-16,13,59
-13,14,57
-17,14,58
-22,14,60
-11,11,67
-8,11,64
-11,11,58
-13,13,59
-11,14,67
-10,10,55
-10,9,47
-32,24,34
6,9,98
-1,12,78
-15,15,46
-18,17,45
-21,16,58
-20,14,61
-12,14,61
-13,13,63
-17,12,61
-12,12,59
-11,12,60
-12,12,62
-15,12,60
-16,10,60
-16,9,63
-16,9,60
-18,10,58
-16,11,61
-17,12,59
-17,11,59
-15,13,68
-14,10,65
-15,8,53
-28,9,41
-47,28,28
19,10,107
11,7,90
-14,13,52
-17,15,46
-23,15,54
-22,13,60
-21,13,59
-17,14,59
-16,15,60
-15,15,61
-16,15,60
-18,15,60
-19,14,58
-18,14,58
-16,15,58
-16,16,59
-17,17,61
-17,16,61
-16,15,59
-17,15,60
-16,14,59
-17,14,57
-18,15,54
-16,14,53
-16,14,56
-13,17,65
-12,18,68
-12,18,68
-5,19,73
-7,17,65
-22,13,47
-23,12,45
-34,19,44
3,12,82
-4,12,68
-16,15,52
-16,16,53
-19,15,59
-20,15,61
-17,15,60
-15,16,59
-15,16,59
-16,15,59
-16,14,60
-17,14,60
-16,13,59
-15,14,58
-15,14,58
-15,15,61
-15,14,61
-15,14,59
-16,14,60
-15,14,60
-17,15,56
-13,14,58
-15,15,62
-14,13,63
-12,12,63
-13,13,62
-12,13,62
-10,15,63
-10,15,70
-13,13,57
-33,9,37
-59,31,22
26,11,108
7,10,78
-16,16,49
-16,16,49
-19,17,59
-21,13,58
-19,13,58
-15,14,59
-13,15,60
-13,16,61
-15,16,60
-17,16,60
-17,15,59
-16,15,59
-14,15,60
-14,15,59
-15,15,60
-15,15,60
-15,15,60
-16,14,60
-16,14,60
-16,13,60
-16,13,59
-16,13,60
-15,13,60
-16,13,60
-16,13,61
-16,13,61
-16,13,59
-16,13,59
-15,13,60
-15,14,60
-15,14,59
-15,14,60
-16,13,64
-16,10,60
-16,10,58
-14,10,58
-11,11,60
-12,13,66
-12,15,63
-9,16,63
-18,13,63
-8,8,70
-26,14,53
-47,12,45
-48,4,38
-49,3,36
-50,4,27
-39,6,39
-54,3,25
-56,8,-12
-97,10,-20
-83,8,22
-48,7,51
-45,2,39
-35,8,33
-41,9,33
-52,7,28
-49,2,11
-88,7,8
-84,5,18
-63,1,26
-58,4,13
-53,7,16
-58,9,20
-60,6,13
-68,3,-18
-83,2,-23
-75,10,19
-54,3,21
-50,2,14
-48,7,18
-50,5,13
-77,1,-15
-87,3,-8
-74,3,-4
-61,4,-2
-60,6,1
-59,6,2
-61,5,0
-68,4,0
-68,2,-8
-80,6,-6
-74,8,13
-52,5,18
-49,4,12
-52,3,3
-67,3,-14
-75,2,-18
-77,2,-15
-64,2,-13
-59,4,-13
-59,4,-11
-61,4,-9
-65,3,-10
-64,4,-7
-64,3,-8
-65,5,-9
-61,6,-14
-49,4,-28
-52,5,-36
-54,10,-33
-52,9,-34
-117
-108
-58,5,-33
-49,5,-31
-45,2,-36
-48,0,-44
-48,2,-48
-43,3,-56
-43,3,-61
-34,1,-61
-30,2,-52
-33,2,-50
-37,0,-47
-40,1,-48
-50,1,-55
-44,3,-53
-47,7,-42
-62,14,-30
-62,16,-24
-59,12,-29
-56,8,-30
-93
-51,2,-30
-62,6,-31
-51,9,-38
-44,8,-51
-38,7,-60
-34,7,-61
-32,4,-60
-31,3,-56
-38,0,-51
-41,0,-47
-46,0,-44
-49,1,-44
-49,2,-43
-49,4,-41
-49,5,-43
-47,4,-47
-46,5,-45
-45,3,-47
-45,2,-47
-45,2,-47
-46,2,-46
-46,2,-46
-46,3,-45
-47,3,-45
-46,2,-47
-46,3,-45
-47,3,-45
-45,3,-47
-47,2,-46
-46,3,-45
-46,3,-46
-47,2,-45
-45,2,-45
-46,2,-46
-46,3,-45
-47,3,-46
-48,3,-46
-49,3,-46
-55,2,-46
-58,2,-49
-60,0,-52
-61,1,-50
-63,2,-47
-50,5,-36
-38,7,-19
-40,7,21
-19,10,51
-18,10,56
-20,29,63
8,21,74
-12,15,76
-5,13,65
-8,13,60
-22,15,53
-24,15,54
-27,13,58
-26,12,57
-24,13,57
-23,14,58
-19,14,60
-19,13,57
-20,14,57
-21,14,58
-21,14,59
-20,13,59
-20,13,59
-22,14,59
-22,14,59
-21,13,59
-20,13,59
-20,13,58
-19,13,58
-20,14,59
-20,13,60
-20,12,59
-21,12,56
-21,14,59
-20,14,59
-20,14,60
-20,14,59
-20,13,59
-20,13,58
-21,13,58
-20,13,59
-19,13,58
-19,13,58
-20,14,58
-21,14,60
-21,14,59
-20,13,58
-20,13,58
-19,13,58
-19,13,59
-19,14,60
-19,14,60
-19,14,59
-20,14,58
-20,14,58
-20,14,59
-19,14,59
-19,13,59
-19,13,59
-19,14,58
-20,15,58
-19,15,60
-19,13,60
-19,12,58
-19,13,58
-20,14,59
-19,14,59
-19,14,59
-19,14,59
-20,13,59
-20,13,58
-20,13,58
-19,13,60
-18,14,60
-18,14,59
-18,15,58
-19,14,59
-19,13,59
-19,13,59
-19,13,58
-19,13,59
-19,13,59
-19,13,59
-19,13,59
-19,13,59
-19,13,59
-19,13,59
-19,13,59
-19,13,59
-19,13,59
-19,13,58
-19,15,60
-19,14,60
-20,12,58
-19,13,58
-18,14,59
-18,14,59
-18,13,59
-19,13,59
-19,13,59
-20,14,58
-20,15,59
-18,14,59
-18,13,59
-19,12,58
-21,12,59
-20,12,59
-20,13,59
-20,13,60
-19,13,61
-19,13,61
-20,12,59
-22,10,59
-20,9,60
-21,9,58
-22,9,58
-23,11,59
-23,11,59
-23,12,58
-23,11,59
-23,11,59
-21,10,58
-22,9,58
-21,10,60
-20,11,59
-20,14,58
-22,15,58
-22,13,59
-21,12,58
-21,12,57
-21,14,58
-21,13,59
-20,13,58
-19,12,57
-20,13,58
-21,14,60
-22,13,60
-22,13,59
-21,13,58
-20,13,57
-20,13,58
-21,13,59
-20,14,59
-20,14,58
-21,14,58
-22,13,59
-22,13,59
-21,13,58
-21,14,58
-21,13,59
-21,12,59
-20,13,59
-20,13,59
-20,13,58
-20,13,58
-21,13,58
-21,13,59
-20,14,60
-20,13,59
-21,13,59
-21,12,58
-21,12,58
-20,12,58
-21,11,59
-21,11,60
-22,12,59
-22,12,58
-23,13,58
-23,13,58
-23,13,58
-22,12,58
-22,13,57
-22,13,58
-21,13,58
-21,13,59
-21,13,59
-21,13,59
-21,12,59
-22,12,59
-24,12,57
-24,12,57
-24,11,57
-23,11,57
-22,12,57
-22,12,58
-23,12,59
-22,13,59
-23,13,58
-25,13,58
-25,12,58
-24,12,58
-23,12,58
-23,12,58
-23,11,57
-23,11,57
-23,12,58
-23,13,58
-23,14,58
-23,14,58
-22,14,58
-21,15,58
-21,15,58
-21,14,58
-21,14,58
-21,13,58
-21,13,58
-22,12,58
-23,11,59
-23,10,60
-23,8,58
-23,9,57
-23,10,58
-22,11,59
-23,11,59
-22,9,59
-22,8,58
-23,7,58
-23,7,58
-21,10,59
-21,11,59
-20,13,58
-21,12,59
-22,11,60
-22,9,59
-23,10,58
-22,10,58
-22,11,58
-19,12,58
-22,9,61
-20,9,61
-20,10,59
-23,10,56
-32,5,59
-37,6,57
-34,6,50
-36,6,54
-21,7,60
-22,11,57
-43,8,48
-49,8,37
-48,6,29
-46,8,6
-57,2,-16
-59,3,-26
-71,3,-37
-60,1,-37
-100
-98
-112
-45,1,-33
-53,2,-36
-57,4,-33
-56,5,-32
-57,5,-36
-54,5,-35
-55,5,-36
-56,5,-36
-54,4,-35
-54,4,-35
-55,4,-35
-55,4,-35
-56,4,-35
-54,3,-35
-55,3,-36
-55,4,-35
-54,6,-34
-56,6,-35
-56,8,-33
-55,8,-32
-56,9,-33
-57,8,-33
-53,6,-30
-55,5,-32
-56,5,-33
-58,6,-32
-59,7,-30
-59,7,-32
-60,6,-33
-59,7,-30
-68,5,-37
-74,3,-41
-80,3,-49
-63,5,-42
-40,10,-11
-24,5,7
-2,7,68
5,3,90
-15,7,65
-26,17,46
-38,18,57
-23,14,73
-10,12,67
-14,13,59
-2,18,80
-20,10,53
-44,6,3
-50,9,-10
-65,2,-40
-55,0,-38
-57,2,-41
-65,5,-35
-58,0,-35
-63,2,-46
-72,11,-39
-41,2,-32
-104
-119
-52,2,-45
-40,6,-40
-42,3,-51
-40,3,-50
-42,2,-53
-40,1,-51
-44,3,-48
-46,5,-43
-101
-59,14,-40
-18,6,-12
-45,1,-41
-114
-48,0,-59
-44,3,-51
-39,7,-45
-39,6,-48
-43,4,-50
-43,3,-48
-42,4,-48
-44,4,-48
-44,5,-47
-43,5,-48
-42,4,-50
-43,5,-48
-44,5,-47
-42,5,-47
-44,5,-47
-46,5,-47
-44,5,-47
-45,5,-47
-44,5,-47
-43,5,-48
-45,6,-48
-45,6,-46
-45,5,-46
-45,5,-46
-44,5,-45
-44,5,-46
-46,5,-47
-46,5,-47
-47,5,-47
-47,5,-46
-49,5,-45
-52,5,-44
-61,5,-44
-60,9,-34
-69,9,-34
-67,10,-39
-63,7,-34
-43,7,-25
-35,4,-27
-63
-87
-96
-121
-117
-107
-38,1,-58
-49,9,-40
-71,17,-20
-73,15,-8
-74,9,-12
-69,7,-15
-60,5,-24
-52,2,-30
-91
-95
-100
-112
-105
-94
-92
-90
-95
-55,3,-35
-56,1,-37
-58,2,-36
-62,1,-35
-116
-80
-71
-72
-71,0,-5
-64,3,0
-65,3,-1
-63,4,0
-64,2,-9
-63,0,-14
-82
-92
-100
-88
-95
-47,2,-59
-44,2,-65
-40,3,-66
-42,2,-57
-40,3,-50
-41,1,-40
-44,0,-40
-91
-92
-97
-48,0,-44
-47,1,-44
-47,1,-46
-45,2,-46
-46,0,-46
-48,0,-45
-48,0,-43
-48,0,-43
-48,0,-43
-48,0,-44
-47,0,-44
-48,0,-44
-48,0,-44
-91
-48,0,-44
-49,0,-44
-47,0,-44
-48,0,-44
-47,0,-43
-92
-96
-56,0,-44
-94
-54,1,-38
-59,2,-39
-57,2,-38
-62,1,-41
-62,3,-32
-54,5,-21
-62,6,-12
-53,7,1
-47,11,14
-67,10,20
-59,11,29
-45,12,41
-47,12,41
-43,11,45
-43,14,50
-43,13,52
-47,3,47
-49,8,51
-64,8,58
-65,8,59
-91,3,47
-56,63
-48,76
-78,3,61
-65,0,67
-52,6,74
-47,2,64
-57,44
-52,27
-53,24
-47,17
-37,15
-32,28
-31,35
-47,37
-49,42
2,-48,40
17,-51,39
18,-54,40
3,-52,34
15,-50,35
23,-56,33
21,-56,29
13,-59,31
7,-52,23
25,-48,36
17,-30,46
5,-32,39
9,-32,36
2,-30,37
4,-25,33
20,-30,43
20,-33,42
21,-32,47
20,-31,50
19,-30,50
17,-30,49
13,-32,45
17,-34,49
15,-34,49
17,-34,49
17,-34,47
14,-30,45
12,-27,43
10,-31,46
9,-30,48
8,-33,50
12,-40,45
18,-44,49
9,-49,45
10,-48,47
3,-46,49
-57,52
-63,5
-58,51
-64,5
-74,41
-91,18
-76,41
-68,47
-67,41
-70,3
-65,36
-59,43
-53,45
-51,49
-54,49
-55,46
-59,37
-59,36
-60,37
-60,37
-65,37
-69,37
-61,4
-65,36
-76,26
-42,26
7,-40,25
1,-33,17
20,-24,21
59,-16,27
67,-10,39
74,-2,48
84,-3,50
72,2,48
102,4,55
78,-1,43
48,-9,27
34,-13,34
3,-20,26
3,-24,34
55,-16,46
47,-12,30
10,-6,20
127,14,73
92,-5,39
88,-15,31
81,-9,43
45,-12,19
9,-19,12
-46,3
-93,14
-73,21
-74,22
17,-36,52
51,-47,55
65,-55,62
63,-65,60
33,-60,66
20,-50,50
13,-48,46
-36,47
-43,35
-61,19
-58,23
-74,17
-79,32
-83,23
-92,4
-90,9
-85,22
-91,23
-84,33
-85,34
-75,33
-70,34
-65,34
-62,33
-55,28
-51,28
-47,27
-56,13
-49,9
-49,7
-58,5
-57,1
-64,17
-73,23
-66,36
-60,62
-44,71
0,-1,89
-10,7,93
-10,7,94
-21,4,90
-40,0,73
-44,3,77
-53,7,82
-20,8,95
-7,7,76
-16,9,51
-24,12,46
-32,16,47
-29,22,59
-25,22,62
-21,22,62
-20,22,61
-21,20,58
-22,19,56
-27,15,56
-28,12,55
-28,10,56
-29,9,55
-27,10,55
-27,11,56
-27,13,57
-26,15,57
-26,14,57
-26,14,56
-28,13,56
-27,12,56
-28,13,55
-27,14,55
-27,15,55
-27,16,56
-27,16,56
-28,16,55
-28,17,55
-28,17,56
-27,17,56
-26,17,55
-27,18,56
-26,18,56
-26,17,55
-27,17,55
-27,18,55
-26,18,55
-26,18,56
-26,18,56
-25,17,55
-25,17,56
-25,17,56
-25,18,56
-25,18,56
-25,18,56
-24,18,55
-25,17,56
-25,17,56
-24,16,56
-24,17,56
-24,17,57
-25,18,57
-25,17,57
-25,17,57
-24,16,57
-24,16,57
-24,16,57
-23,16,58
-22,16,58
-23,16,57
-24,15,56
-25,15,56
-25,16,56
-24,15,56
-24,16,56
-23,16,58
-23,17,58
-23,17,58
-21,17,56
-27,16,57
-22,14,58
-23,14,56
-24,14,56
-25,14,57
-25,13,58
-25,14,56
-25,13,56
-25,12,57
-24,11,58
-24,13,58
-23,14,57
-24,16,57
-24,18,57
-24,18,57
-27,16,57
-27,15,57
-27,14,56
-27,14,56
-27,13,56
-28,13,56
-26,12,56
-25,12,56
-25,11,56
-26,11,57
-26,11,58
-26,11,57
-26,12,56
-27,12,56
-27,12,57
-26,12,57
-26,12,57
-25,12,57
-25,12,57
-25,12,57
-26,12,57
-26,12,57
-26,12,56
-26,12,57
-25,12,57
-26,13,57
-25,12,57
-26,13,57
-26,13,57
-26,13,57
-26,13,56
-25,13,56
-25,14,57
-25,14,57
-25,14,57
-25,15,57
-25,15,57
-25,15,57
-25,15,57
-25,15,57
-24,15,56
-25,15,56
-24,16,57
-24,16,57
-24,16,58
-24,16,58
-24,16,57
-24,15,56
-24,15,55
-24,15,56
-24,16,57
-24,16,57
-24,16,57
-24,16,57
-23,16,57
-24,16,58
-25,15,58
-24,15,56
-24,16,56
-24,17,56
-24,17,57
-25,16,57
-23,15,56
-23,14,56
-23,14,57
-24,15,57
-24,16,57
-24,16,57
-24,16,57
-25,15,57
-24,14,57
-24,14,57
-24,14,57
-24,15,57
-24,15,57
-24,14,57
-24,14,57
-24,14,57
-24,14,57
-24,14,57
-24,14,57
-25,14,57
-25,14,57
-24,14,57
-24,14,57
-24,13,57
-24,14,57
-24,14,57
-24,15,58
-23,16,58
-25,16,57
-25,15,57
-24,14,57
-24,14,57
-23,14,57
-23,14,58
-24,14,58
-25,15,58
-25,14,56
-25,14,56
-23,14,57
-23,15,57
-23,16,58
-24,15,58
-24,15,57
-25,14,57
-24,14,57
-24,14,57
-24,14,57
-23,14,58
-24,15,58
-24,15,57
-24,15,57
-24,14,57
-24,14,57
-23,14,57
-23,14,57
-24,15,57
-24,14,57
-23,15,58
-23,15,58
-24,14,57
-24,14,57
